job_title,normalized_title,job_description,completed_skills_list,llm_validated_skills_list,llm_removed_skills_list,llm_skill_reasons,recommended_skills_list,recommended_skill_source,llm_keep_rate
Data Scientist,Data Scientist,"Description We are looking for a skilled Data Scientist to join our team in Saint Paul, Minnesota. This contract position offers the opportunity to collaborate with cutting-edge technologies and contribute to the advancement of AI and data initiatives. The ideal candidate will thrive in a business-facing role, engaging with leadership and stakeholders to drive impactful solutions. Responsibilities: - Develop and implement machine learning models using Python and Databricks to address complex bu…",['python'],[],[],{},['python'],original,0.0
Computer Vision Engineer,Computer Vision Engineer,"Atomic Machines is ushering in a new era of micromanufacturing with its Matter Compiler™ technology platform. This platform enables new classes of micromachines to be designed and built by providing manufacturing processes and a materials library that are inaccessible to semiconductor manufacturing methods. It unlocks MEMS manufacturing not only for device classes that could never be produced by semiconductor methods, but also for entirely new categories. Furthermore, this digital platform is f…",['computer vision'],[],[],{},['computer vision'],original,0.0
Consultant for Digital Transformation & AI – Ideal for Career Changer,Consultant,"mycareernow GmbH mycareernow ist ein nach AZAV zertifizierter Bildungsträger mit klarem Fokus auf Projektmanagement und Künstliche Intelligenz. Unsere praxisnahen Weiterbildungen bereiten dich gezielt auf den nächsten Karriereschritt vor – mit echten Projekten, erfahrenen Trainer*innen und starkem Bezug zur Arbeitswelt. Ob Prompt Engineering oder den Umgang mit den neuesten KI-Tools: Wir vermitteln dir genau das Know-how, das du für deinen beruflichen Neustart brauchst. Dabei begleiten wir dich…","['r', 'azure', 'nlp']","['r', 'azure', 'nlp']",[],{},"['r', 'azure', 'nlp']",llm_validated_with_rescue,1.0
Physics Researcher (Python) - Freelance AI Trainer,Research Scientist,"Please submit your CV in English and indicate your level of English proficiency. Mindrift connects specialists with project-based AI opportunities for leading tech companies, focused on testing, evaluating, and improving AI systems. Participation is project-based, not permanent employment. What this opportunity involves While each project involves unique tasks, contributors may: Design rigorous physics problems reflecting professional practice; Evaluate AI solutions for correctness, assumptions…",['python'],[],[],{},['python'],original,0.0
Senior AI Platform Engineer,Platform Engineer,"Senior Software Engineer – AI Platform NegotiateAI (Menlo Ventures–backed) About NegotiateAI NegotiateAI is building an enterprise AI platform to modernize procurement for manufacturing and industrial companies. Procurement today is fragmented, manual, and opaque. We’re changing that by giving teams clean data, real-time visibility, and AI-driven workflows that actually get used. We focus on indirect spend - MRO, services, and long-tail categories - where inefficiency quietly costs enterprises …",[],[],[],{},[],section9_not_llm_validated,
Databricks Platform Engineer,Platform Engineer,"Union Investment ist bekannt für eine herausragende Expertise im Asset Management und damit eine der führenden Investmentfondsgesellschaften. Als Teil der Genossenschaftlichen FinanzGruppe bieten wir Privatpersonen sowie institutionellen Kunden seit 1956 zukunftssichere Anlagelösungen mit dem Ziel, das Vermögen unserer mehr als fünf Millionen Anleger*innen zu vermehren. Unsere Kultur ist geprägt von einem hohen Leistungsanspruch und partnerschaftlichen Miteinander. Bei uns bringen alle Mitarbei…",[],[],[],{},[],section9_not_llm_validated,
"Senior Manager of Research Engineering, AI",Research Scientist,"This posting is for proactive recruitment purposes and may be used to fill current openings or future vacancies within our organization. Senior Manager of Research Engineering, TR Labs Are you excited about the future of AI technology? Are you passionate about delivering value and maximizing the impact of R&D investment? Thomson Reuters Labs is seeking a hands-on engineering manager to guide the delivery of cutting-edge AI solutions from concept to production. At Thomson Reuters Labs, we experi…",['r'],[],[],{},['r'],original,0.0
Machine Learning Engineer III – Computer Vision & Data Systems,Computer Vision Engineer,"At Zone 5 Technologies, we're redefining what's possible in unmanned aircraft systems. Our team of engineers and innovators is developing cutting-edge autonomous solutions that push the boundaries of UAS technology - solving complex challenges that matter. We're building the future of UAS capabilities, and we're looking for exceptional talent to join us. If you're driven by hard problems, energized by rapid innovation, and ready to make an impact on next-generation flight systems, you belong he…",['computer vision'],[],[],{},['computer vision'],original,0.0
Medicine Specialist - Freelance AI Trainer Project,AI Engineer,"Are you a medicine expert eager to shape the future of AI? Large‑scale language models are evolving from clever chatbots into powerful engines of scientific discovery. With high‑quality training data, tomorrow’s AI can democratize world‑class education, keep pace with cutting‑edge research, and streamline clinical work for healthcare professionals everywhere. That training data begins with you—we need your expertise to help power the next generation of AI. We’re looking for medicine specialists…","['python', 'rag', 'fine-tuning', 'nlp']","['python', 'fine-tuning', 'nlp']",['rag'],{},"['python', 'fine-tuning', 'nlp']",llm_validated_with_rescue,0.75
Data Scientist,Data Scientist,"You enjoy finding stories and truths in data. You want to help clients transform. You understand the importance of data in making informed decisions. You have a strong POV on how data is used now. You have a strong POV on how data can do more to help. You have an open mind to learning new techniques and approaches. HOW YOU’LL EXCEL · You’ll work with our data team and our partners to turn data into powerful, actionable insight & recommendations. · You’ll be keen to develop client relationships …","['aws', 'azure', 'python', 'computer vision']","['aws', 'python', 'computer vision']",['azure'],{},"['aws', 'python', 'computer vision']",llm_validated_with_rescue,0.75
Graduate AI Software Engineer,AI Engineer,"Location: Melton, Woodbridge (Hybrid) Salary: Up to £35,000 (depending upon experience) Hybrid - office based Monday, Wednesday and Friday We are looking for a Graduate AI Software Engineer to join the team at X-on in Melton, Woodbridge. Within this role you will help build the infrastructure that powers our next generation of call experiences and data insight tools for our NHS customers. Responsibilities : Work within a small agile team to solve technical challenges, develop new functionality …","['nlp', 'azure', 'docker', 'fine-tuning', 'rag', 'aws', 'computer vision', 'gcp']","['nlp', 'azure', 'docker', 'fine-tuning', 'aws']","['computer vision', 'gcp', 'rag']",{},"['nlp', 'azure', 'docker', 'fine-tuning', 'aws', 'gcp']",llm_validated_with_rescue,0.625
"PhD AI Research Intern, 2026 Summer Canada",AI Engineer,"Working at Atlassian Atlassians have the flexibility to work where they can collaborate most effectively with their team, whether at home, one of our global offices, or both. As a distributed-first company, all interviews are conducted virtually. We hire in any country where we have a legal entity. Learn how we work at go.atlassian.com/distributed . Your Future Org Atlassian’s Intern program combines hands-on technical training, professional growth opportunities, dedicated mentorship, and stron…","['python', 'azure', 'aws', 'docker', 'gcp']","['python', 'docker']","['aws', 'azure', 'gcp']",{},"['python', 'docker']",llm_validated_with_rescue,0.4
Founding Applied AI Engineer,AI Engineer,"Founding Applied AI Engineer WilsonAI is building Cursor for lawyers - helping them review, negotiate, and manage contracts with unprecedented speed and accuracy. Weʼre backed by Nomad Ventures and Autopilot, and raised a $1.7M pre-seed round at the end of 2024. Since then, weʼve stabilised our product with early customers, beaten competitors in head-to-head pilots with teams of hundreds and $100Ms in revenue, and scaled via founder-led sales to multi–six-figure revenues - 50X growth since the …","['rag', 'computer vision', 'aws', 'azure']","['computer vision', 'aws']","['azure', 'rag']",{},"['computer vision', 'aws']",llm_validated_with_rescue,0.5
Data Scientist,Data Scientist,"Data Scientist Job Location: Ottawa, Ontario Location Flexibility: Primary Location Only Req Id: 4379 Posting Start Date: 2/10/26 Fujitsu Canada is seeking a full-time, permanent Data Scientist to support enterprise-scale Knowledge Management (KM) modernization projects for Employment and Social Development Canada (ESDC). This role focuses on AI/ML/NLP-driven transformation, semantic enrichment, and intelligent content migration aligned with federal compliance and innovation standards. Responsi…",['nlp'],[],[],{},['nlp'],original,0.0
CMS Senior Information Operations Planner (Engineer Network 4)- 27199,Data Engineer,"Requisition Number: 27199 Required Travel: 0 - 10% Employment Type: Full Time/Salaried/Exempt Anticipated Salary Range: $118,589.00 - $135,000.00 Security Clearance: TS/SCI Level of Experience: Senior HI This opportunity resides with All-Domain Operations (ADO), a business group within HII's Mission Technologies division. All-Domain Operations comprises multi-domain operations, platforms and logistics, and intelligence operations. HII designs, develops, integrates and manages the sensors, syste…",[],[],[],{},[],section9_not_llm_validated,
Senior Software Engineer - AI Eval & Safety,Software Engineer,About the Job Do you want to help shape the future of AI by building robust infrastructure and tools for developing trustworthy large language models and agentic workflows? We're seeking a software engineer who combines strong systems engineering skills with a passion for AI safety to develop frameworks that ensure AI systems behave reliably and align with human values. The OpenShift AI team is looking for a Senior Software Engineer with Kubernetes and MLOps or LLMOps experience to join our rap…,['kubernetes'],[],[],{},['kubernetes'],original,0.0
Senior MLOps Engineer,MLOps Engineer,"About the role We’re looking for an MLOps engineer who thrives in real-world robotics environments and can own the entire machine learning lifecycle—from data ingestion and labeling to training, evaluation, and performance monitoring. You’ll support a perception stack spanning 2D / 3D object detection, semantic and instance segmentation, depth estimation, and multi-sensor fusion across camera and lidar. This role is deeply cross-functional: you’ll work with perception engineers, autonomy engine…","['nlp', 'aws', 'python', 'hadoop', 'spark']","['aws', 'python']","['hadoop', 'nlp', 'spark']",{},"['aws', 'python']",llm_validated_with_rescue,0.4
AI Applications Solution Engineer - Brisbane,AI Engineer,"Overview Are you curious, passionate about AI and cloud technologies, and excited by the opportunity to solve complex challenges in a fast-paced environment? If so, we invite you to join Microsoft as a Cloud & AI Solution Engineer. We are hiring a AI Applications Solution Engineer for our Enterprise Commercial are in Brisbane. In this role, you'll be at the forefront of projects that harness the latest technologies to help customers modernize applications, adopt AI at scale, and transform their…","['azure', 'python', 'computer vision']","['azure', 'python', 'computer vision']",[],{},"['azure', 'python', 'computer vision']",llm_validated_with_rescue,1.0
NLP Engineer,NLP Engineer,"NLP Engineer Bright Vision Technologies is a forward-thinking software development company dedicated to building innovative solutions that help businesses automate and optimize their operations. We leverage cutting-edge natural language processing technologies to build scalable, accurate, and production-grade language intelligence systems. As we continue to grow, we’re looking for a skilled NLP Engineer to join our dynamic team and contribute to our mission of transforming business processes th…",['nlp'],[],[],{},['nlp'],original,0.0
Machine Learning Engineer (PhD Intern),Machine Learning Engineer,"We're transforming the grocery industry At Instacart, we invite the world to share love through food because we believe everyone should have access to the food they love and more time to enjoy it together. Where others see a simple need for grocery delivery, we see exciting complexity and endless opportunity to serve the varied needs of our community. We work to deliver an essential service that customers rely on to get their groceries and household goods, while also offering safe and flexible …","['computer vision', 'r', 'rag', 'nlp']","['computer vision', 'r', 'nlp']",['rag'],{},"['computer vision', 'r', 'nlp']",llm_validated_with_rescue,0.75
Machine Learning Fellow - Human Frontier Collective (Canada),Machine Learning Engineer,"PLEASE NOTE: This is a fully remote, 1099 independent contractor opportunity with an estimated duration of six months and the potential for extension. To be eligible, candidates must be authorized to work in Canada. About the Program The Human Frontier Collective (HFC) Fellowship brings together top researchers and domain experts to collaborate on high-impact work that are shaping the future of AI. As an HFC Fellow, you’ll apply your academic and professional expertise to help design, evaluate,…","['python', 'nlp', 'gcp', 'r', 'rag']","['python', 'nlp', 'gcp', 'rag']",['r'],{},"['python', 'nlp', 'gcp', 'rag']",llm_validated_with_rescue,0.8
Data Scientist,Data Scientist,"Policy Expert – Data Scientist  Are you ready to transform the insurance industry? Policy Expert is a forward-thinking business that loves to get things done. Leveraging proprietary technology and smart data, we offer reliable products and a wow customer experience. Having achieved rapid growth since being founded in 2011, we’ve won over 1.5 million customers in Home, Motor and Pet insurance and have been ranked the UK’s No.1-rated home insurer by Review Centre since 2013.  Hear from our team a…","['aws', 'rag', 'azure', 'computer vision', 'nlp']","['aws', 'nlp']","['azure', 'computer vision', 'rag']",{},"['aws', 'nlp', 'rag']",llm_validated_with_rescue,0.4
Data Scientist,Data Scientist,"Data Scientist: Candidates need to travel to Europe once in a month (European country) We are seeking a highly skilled 12 years Data Scientist AI to design, develop, and deploy advanced machine learning and artificial intelligence solutions. The ideal candidate will work on large datasets, build predictive models, and collaborate cross-functionally to deliver scalable, data-driven products. Key Responsibilities Design, develop, and optimize machine learning and deep learning models. Work on AI/…","['aws', 'computer vision', 'nlp', 'python', 'r']","['aws', 'nlp', 'python']","['computer vision', 'r']",{},"['aws', 'nlp', 'python', 'r']",llm_validated_with_rescue,0.6
Product Design Lead,Product / Management,"About the company Asseti is the category-defining platform for asset intelligence and operations, used by some of the world’s largest real estate owners to understand their assets, optimize portfolio performance, and make smarter operational, maintenance, and capital decisions. We turn complex, fragmented asset information into a single source of truth - combining real-time condition insights with the operational context needed to prioritize work, manage risk, and drive efficient action across …",[],[],[],{},[],section9_not_llm_validated,
Data Science Intern - 2026,Data Scientist,"Blunomy is an international consulting firm, dedicated to accelerating the move towards a regenerative society that is decarbonised, circular and inclusive. We do this by partnering with those in the energy supply chain as well as financial institutions, businesses and entrepreneurs to ensure the transition of their resources from brown to green. We have been operating since 2007, previously trading as Enea Consulting, and continue to expand our international team of Blunomists. Our high perfor…","['r', 'python', 'gcp', 'nlp']","['python', 'gcp', 'nlp']",['r'],{},"['python', 'gcp', 'nlp', 'r']",llm_validated_with_rescue,0.75
Member of Technical Staff — Back-end Engineering (Systems),Software Engineer,"Product TensorZero is building an automated AI engineer (”TensorZero Autopilot”) powered by our open-source LLMOps platform (”TensorZero Stack”). TensorZero Stack We started by building an open-source LLMOps platform for full-stack LLM engineering: Gateway: access every LLM provider through a unified API ( Observability: monitor your LLM systems, programmatically or with a UI Optimization: optimize your prompts, models, and inference strategies Evaluations: benchmark individual inferences or en…","['aws', 'rag', 'python', 'r', 'spark']","['aws', 'python']","['r', 'rag', 'spark']",{},"['aws', 'python', 'rag']",llm_validated_with_rescue,0.4
Bioinformatics PhDs,Data Scientist,"This role is for one of our clients We are collaborating with leading AI research initiatives focused on applying artificial intelligence to complex scientific challenges in bioinformatics . The goal of this project is to build an advanced benchmark to evaluate AI model performance in executing complete bioinformatics workflows — from raw sequencing data to meaningful analysis, guided by natural language prompts. This work requires a combination of bioinformatics expertise , tool proficiency , …","['r', 'nlp', 'gcp', 'computer vision']","['r', 'nlp', 'gcp', 'computer vision']",[],{},"['r', 'nlp', 'gcp', 'computer vision']",llm_validated_with_rescue,1.0
Software Engineer,Software Engineer,"This is a Software Engineer role with Mercor based in Sydney, NSW, Australia  Mercor  Role Seniority - junior, mid level, senior More about the Software Engineer role at Mercor Mercor is hiring experienced Software Engineering professionals to support a variety of high-impact research collaborations with leading AI labs. Freelancers will help improve AI systems through work on code validation, prompt refinement, algorithmic evaluation, and model benchmarking. This is a unique opportunity to app…","['python', 'aws', 'kubernetes', 'nlp', 'openai']","['python', 'nlp', 'openai']","['aws', 'kubernetes']",{},"['python', 'nlp', 'openai']",llm_validated_with_rescue,0.6
Data Scientist,Data Scientist,"Life at UiPath The people at UiPath believe in the transformative power of automation to change how the world works. We’re committed to creating category-leading enterprise software that unleashes that power. To make that happen, we need people who are curious, self-propelled, generous, and genuine. People who love being part of a fast-moving, fast-thinking growth company. And people who care—about each other, about UiPath, and about our larger purpose. Could that be you? As we continue expandi…","['r', 'azure', 'gcp', 'computer vision', 'nlp']","['r', 'azure', 'gcp', 'computer vision', 'nlp']",[],{},"['r', 'azure', 'gcp', 'computer vision', 'nlp']",llm_validated_with_rescue,1.0
LLM Evaluation Engineer,LLM Engineer,"About the Company ThirdLaw is building the control layer for AI in the enterprise. As companies rush to adopt LLMs and AI agents, they face new safety, compliance, and operational risks that traditional observability tools were never designed to detect. Metrics like latency or cost don’t capture when a model makes a bad decision, leaks sensitive data, or behaves unpredictably. We help IT and Security teams answer the foundational question: ""Is this OK?""—and take real-time action when it’s not. …","['rag', 'spark', 'nlp']",['nlp'],"['rag', 'spark']",{},"['nlp', 'rag']",llm_validated_with_rescue,0.3333333333333333
AI Engineer,AI Engineer,"Job Description The Customer Success Services team needs an AI Engineer that can design, develop, configure, evaluate, monitor and optimize generative AI and agent solutions for Oracle applications, as well as develop innovative solutions to advance the CSS team's operational capabilities and effectiveness. The ideal candidate will create processes, tools, and tests so that CSS can evaluate and optimize AI responses on customer instances at scale. The candidate will develop monetizable services…","['computer vision', 'langchain', 'rag', 'fine-tuning', 'nlp', 'r']","['langchain', 'fine-tuning', 'nlp']","['computer vision', 'r', 'rag']",{},"['langchain', 'fine-tuning', 'nlp', 'rag']",llm_validated_with_rescue,0.5
Data Scientist,Data Scientist,"ABOUT THIS POSITION We are looking for an experienced Data Scientist. The data scientist role involves solving data-driven Healthcare problems using various machine learning and predictive modeling methods. This person will primarily work as part of the larger Data Science team interacting Product Management and Application teams to conduct analysis and experimentation to maximize the utility of predictive modeling and data driven strategies across Waystar. applying machine learning, predictive…","['aws', 'computer vision', 'nlp', 'r']","['aws', 'nlp', 'r']",['computer vision'],{},"['aws', 'nlp', 'r']",llm_validated_with_rescue,0.75
Caregiver Support Specialist - Expert | Upto $80/hr Hourly,Other,"About The Job Mercor connects elite creative and technical talent with leading AI research labs. Headquartered in San Francisco, our investors include Benchmark , General Catalyst , Peter Thiel , Adam D'Angelo , Larry Summers , and Jack Dorsey . Position: Family-Support Professional Type: Part-time, project-based Compensation: $60–$80/hour Duration: 4–6 weeks Commitment: ~5 hours/week Role Responsibilities Review caregiver- and family-support content for clarity, accuracy, and practical usefuln…",[],[],[],{},[],section9_not_llm_validated,
Senior GenAI Architect - Internal Projects & Efficiency,Solutions Architect,"in-tech ist ein digitaler Lösungsanbieter für Automotive, Rail und Smart Industry. Als strategischer Entwicklungspartner begleiten wir unsere Kunden durch den gesamten Entwicklungsprozess - von Einzelkomponenten bis hin zu Komplettlösungen aus Hard- u. Software. Wir sind Ingenieure, Softwareentwickler, Techniker und Quereinsteiger allgenders und arbeiten an der Mobilität der Zukunft. Wir sind orange! Du auch? Das sind deine Aufgaben Konzeption und Umsetzung von AI-/GenAI-/Agentic-AI-Architektur…","['azure', 'python', 'openai', 'r', 'spark', 'fine-tuning', 'rag']","['azure', 'python', 'openai', 'fine-tuning']","['r', 'rag', 'spark']",{},"['azure', 'python', 'openai', 'fine-tuning', 'rag']",llm_validated_with_rescue,0.5714285714285714
Python Coding Specialist - Freelance AI Trainer Project,AI Engineer,"Are you a coding expert fluent in Python eager to shape the future of AI? Large‑scale language models are evolving from clever chatbots into powerful engines of scientific discovery. With high‑quality training data, tomorrow’s AI can democratize world‑class education, keep pace with cutting‑edge research, and streamline software development for engineers everywhere. That training data begins with you—we need your expertise to help power the next generation of AI. We’re looking for Python coding…",['python'],[],[],{},['python'],original,0.0
AI Prompt Engineer,LLM Engineer,"Full-Time MCI is one of the fastest-growing tech-enabled business services companies in the USA, with a strong call center footprint and operations that extend across multiple countries. We deliver Customer Experience (CX), Business Process Outsourcing (BPO), and Anything-as-a-Service (XaaS) cloud technology solutions across a wide range of industries, including healthcare, retail, government, education, telecom, technology e-commerce, and financial services. Our contact centers are powered by …","['python', 'spark', 'rag']","['python', 'rag']",['spark'],{},"['python', 'rag']",llm_validated_with_rescue,0.6666666666666666
ISS (Educational Technologist),Software Engineer,"Who May Apply: Only applicants who meet one of the employment authority categories below are eligible to apply for this job. You will be asked to identify which category or categories you meet, and to provide documents which prove you meet the category or categories you selected. See Proof of Eligibility for an extensive list of document requirements for all employment authorities. Current Competitive Service Department of Defense Education Activity (DoDEA) Civilian Employee Current Excepted Service Department of Defense Education Activity (DoDEA) Employee Current Excepted Service Department of Defense Employee Current Permanent Department of Defense (DoD) Civilian Employee In order to qualify, you must meet the Education and Experience requirements described below. Experience refers to paid and unpaid experience, including volunteer work done through National Service programs (e.g., Peace Corps, AmeriCorps) and other organizations (e.g., professional; philanthropic; religious; spiritual; community; student; social). You will receive credit for all qualifying experience, including volunteer experience. Your resume must clearly describe your relevant experience; if qualifying based on education, your transcripts will be required as part of your application. Minimum Education Requirement: The course work must have been completed at or accepted by a regionally accredited U.S. college or university. ISS positions must meet the following three criteria: (1) Minimum Education Requirement, (2) Specialized Experience Requirement, (3) Professional Licensure Requirement. (1) Minimum Education Requirement: A minimum of a Master's degree in the field of Education is required. Graduate or undergraduate course work must include a minimum of 24 semester hours of education technology, specific to instructional technology. Such courses include instructional design, online or distance learning, integration of technology into curriculum including assistive technology, assessment and planning for technology, professional learning and development and technology leadership in education. No more than 9 semester hours will be accepted in content areas such as STEM education, emerging technologies in education, augmented or virtual reality in education, artificial intelligence (AI), digital media and design, video communications, or media and gaming design. (2) Specialized Experience Requirement (5 years): Specialized experience is experience gained in teaching, educational research, development of educational materials and aids, educational testing, educational administration, or comparable activities in an elementary and/or secondary school, which has clearly demonstrated success in the application of principles, methods, and techniques of education and familiarity with current developments in PreK-12th grade education and training. This experience must include a minimum of 3 years of experience in the field of PreK-12 Educational Technology, in either a formal or informal role. Preferred consideration given to applicants that have completed coursework in the following content areas: 1.Learning theory, psychology of learning, educational psychology: Study of learning theories as they relate to the systematic design, development, and validation of instructional material. 2.Instructional design practices: Study of the principles and techniques used in designing training programs, developing design strategy and models, and applying design methods to the improvement of instructional effectiveness. 3.Educational evaluation: Study of the techniques for evaluating the effectiveness of instructional/educational programs, including developing written and performance tests and survey instruments, and determining reliability and validity of evaluation instruments. 4.Instructional product development: Study of the techniques appropriate for developing training materials, including identifying learner characteristics, specifying objectives, applying training strategy, validating training materials, and evaluating training. 5.Technology in education: Study of application of technology in teaching and learning. Includes the integration of technology in education, focusing on theories, practices, and methodologies to develop and implement effective digital learning. (3) Professional Licensure Requirement: None. A current and valid, unencumbered professional teaching licenses in Education Technology from any U.S. state, territory, or the National Board for Professional Teaching Standards (NBPTS) will be considered to have met the education content specific requirements. Information on DoDEA teaching categories and requirements is located at: https://www.dodea.edu/offices/human-resources/work-dodea/teaching-categories-and-requirements You will be evaluated on the basis of your level of competency in the following areas: Education Consultation, Coaching and Collaboration Leadership Partnering Staff and Faculty Development","['python', 'kubernetes', 'nlp']",['python'],"['kubernetes', 'nlp']",{},['python'],llm_validated_with_rescue,0.3333333333333333
Data Science Manager,Data Scientist,"Data Science Manager Location: London (Hybrid) | Practice Area: Data & Analytics | Type: Permanent Shape intelligent solutions. Lead with insight. Drive data innovation. The Role We’re looking for a Data Science Manager to lead innovative projects that apply data, AI, and machine learning to solve complex challenges across financial services. You’ll guide talented data professionals, collaborate closely with business stakeholders, and drive impactful, scalable solutions that deliver measurable …","['aws', 'python', 'rag']","['aws', 'python']",['rag'],{},"['aws', 'python']",llm_validated_with_rescue,0.6666666666666666
"Machine Learning Engineer II, Logistics AI",Machine Learning Engineer,"We're transforming the grocery industry At Instacart, we invite the world to share love through food because we believe everyone should have access to the food they love and more time to enjoy it together. Where others see a simple need for grocery delivery, we see exciting complexity and endless opportunity to serve the varied needs of our community. We work to deliver an essential service that customers rely on to get their groceries and household goods, while also offering safe and flexible …","['rag', 'r', 'computer vision', 'nlp', 'kubernetes']","['computer vision', 'nlp', 'kubernetes']","['r', 'rag']",{},"['computer vision', 'nlp', 'kubernetes']",llm_validated_with_rescue,0.6
"Senior AI Engineer, Device Intelligence",AI Engineer,"Bring more to life. At Danaher, our work saves lives. And each of us plays a part. Fueled by our culture of continuous improvement, we turn ideas into impact – innovating at the speed of life. Our 63,000 associates work across the globe at more than 15 unique businesses within life sciences, diagnostics, and biotechnology. Are you ready to accelerate your potential and make a real difference? At Danaher, you can build an incredible career at a leading science and technology company, where we’re…","['r', 'rag']","['r', 'rag']",[],{},"['r', 'rag']",llm_validated_with_rescue,1.0
Lead AI/ML Engineer (NLP) - Remote,NLP Engineer,"Optum is a global organization that delivers care, aided by technology to help millions of people live healthier lives. The work you do with our team will directly improve health outcomes by connecting people with the care, pharmacy benefits, data and resources they need to feel their best. Here, you will find a culture guided by diversity and inclusion, talented peers, comprehensive benefits and career development opportunities. Come make an impact on the communities we serve as you help us ad…",['nlp'],[],[],{},['nlp'],original,0.0
"Data Scientist, Analytics & Insights",Data Scientist,"Position: Data Scientist, Analytics & Insights Reports to: Director, Data Intelligence Position Term: Full Time Permanent Primary Location: Mississauga, Ontario, Canada Workplace Type: Hybrid Job Purpose The Data Scientist, Analytics & Insights is responsible for discovering insights and identifying opportunities to optimize experiences and help guide and inform key business decisions using statistical, algorithmic, mining and visualization techniques. In addition to advanced analytic skills, t…","['r', 'nlp', 'python']","['r', 'python']",['nlp'],{},"['r', 'python']",llm_validated_with_rescue,0.6666666666666666
Data Scientist,Data Scientist,"About Lendable Lendable is on a mission to build the world's best technology to help people get credit and save money. We're building one of the world’s leading fintech companies and are off to a strong start: One of the UK’s newest unicorns with a team of just over 700 people Among the fastest-growing tech companies in the UK Profitable since 2017 Backed by top investors including Balderton Capital and Goldman Sachs Loved by customers with the best reviews in the market (4.9 across 10,000s of …","['r', 'python', 'nlp', 'computer vision']","['python', 'nlp', 'computer vision']",['r'],{},"['python', 'nlp', 'computer vision', 'r']",llm_validated_with_rescue,0.75
ML/LLM Operations Engineer,LLM Engineer,"Your Future Evolves Here Evolent partners with health plans and providers to achieve better outcomes for people with most complex and costly health conditions. Working across specialties and primary care, we seek to connect the pieces of fragmented health care system and ensure people get the same level of care and compassion we would want for our loved ones. Evolent employees enjoy work/life balance, the flexibility to suit their work to their lives, and autonomy they need to get things done. …","['rag', 'fine-tuning', 'transformers', 'python']","['transformers', 'python']","['fine-tuning', 'rag']",{},"['transformers', 'python', 'rag', 'fine-tuning']",llm_validated_with_rescue,0.5
Machine Learning Developer,Machine Learning Engineer,Machine Learning Developer (Contract) Based - Warwick Rate: £500-£600 per day I am working with Siemens Energy to find an experienced Machine Learning Developer to join their team in Warwick. This is a high-impact role for someone passionate about building and deploying production-ready ML solutions in a cutting-edge energy environment. About the Role Siemens Energy is driving the energy transition through innovative technologies and sustainable solutions. They are looking for a skilled ML deve…,"['python', 'r', 'azure', 'docker']","['python', 'azure', 'docker']",['r'],{},"['python', 'azure', 'docker']",llm_validated_with_rescue,0.75
Senior Lead AI-NLP Engineer,NLP Engineer,"NTT DATA strives to hire exceptional, innovative and passionate individuals who want to grow with us. If you want to be part of an inclusive, adaptable, and forward-thinking organization, apply now. We are currently seeking a Senior Lead AI-NLP Engineer to join our team in Irving, Texas (US-TX), United States (US). Do you find yourself seeking the next big challenge? Step into a role where you are responsible for managing to goals and expectations; one where you are able to see the finish line …",['nlp'],[],[],{},['nlp'],original,0.0
"AI Research Engineer (Junior career, Hybrid, Grand Prairie, Secret)",Research Scientist,"Job ID: 716486BR Date posted: Feb. 02, 2026 Description: Are you ready to join a team that's pushing the boundaries of Artificial Intelligence and making a real impact in the industry? The Lockheed Martin Artificial Intelligence Center (LAIC) team is seeking a highly motivated and experienced individual to support the Applied AI team and specifically the Cognitive Modules portfolio. As a key member of our team, you'll have the opportunity to work on a broad range of projects, from prototypes to…","['python', 'computer vision', 'r']","['python', 'computer vision', 'r']",[],{},"['python', 'computer vision', 'r']",llm_validated_with_rescue,1.0
"Director, MLOps (Canada)",MLOps Engineer,"Director, MLOps (Canada Segment) This is a pivotal opportunity to shape Canada's AI transformation through advanced MLOps capabilities. The Director will architect and operationalize solutions that enable scalable, reusable AI deployments across segments. This role offers the chance to set the vision for MLOps, influence enterprise architecture, and collaborate globally to accelerate innovation and measurable business impact. Position Responsibilities  Define and architect MLOps capabilities an…","['aws', 'python', 'docker', 'azure', 'mlflow', 'r', 'transformers']","['aws', 'python', 'docker', 'mlflow']","['azure', 'r', 'transformers']",{},"['aws', 'python', 'docker', 'mlflow', 'azure']",llm_validated_with_rescue,0.5714285714285714
Biomedical Data Scientist,Data Scientist,"We are looking for a Biomedical Data Scientist (or similar background). You will sit at the intersection of data science, clinical validation, and research management. The individual should be driven, detail oriented and highly motivated to succeed. As a small company, we all tend to get stuck in with different tasks. However, your primary focus will be managing the data pipeline from our clinical studies, developing algorithms in Python, and playing a crucial role in securing our future by man…",['python'],[],[],{},['python'],original,0.0
Senior Data Scientist,Data Scientist,"Senior / Principal Data Scientist Location: Abu Dhabi, UAE (relocation support provided) Compensation: £120,000–£300,000 total compensation (fully guaranteed, all-in) The Role We are building a centralised data science function inside a quantitative investment platform. This is not an asset-class desk role and not a downstream analytics or reporting position. The team exists to work with large, messy, often unstructured data and determine how that data can and cannot be used in systematic inves…","['python', 'aws', 'azure', 'nlp', 'r', 'pytorch', 'scikit-learn', 'tensorflow']","['python', 'aws', 'nlp', 'r']","['azure', 'pytorch', 'scikit-learn', 'tensorflow']",{},"['python', 'aws', 'nlp', 'r', 'azure']",llm_validated_with_rescue,0.5
Clinical Laboratory Scientist - Chemistry/Urinalysis,Other,"Basic Requirements: United States Citizenship: Non-citizens may only be appointed when it is not possible to recruit qualified citizens in accordance with VA Policy. English Language Proficiency: In accordance with 38 U.S.C. 7402(d), no person shall serve in direct patient care positions unless they are proficient in basic written and spoken English. Education: A bachelor's degree or higher from an accredited college or university. Certification: Candidates must meet one of the certification options below: Generalist certification as an MLS given by ASCP BOC or AMT. Generalist certification as an MT given by ASCP BOR or AMT. Categorical certification or Specialist certification by ASCP or AMT. Note: Categorical and specialist certifications are not acceptable for CLS Generalist positions or lab sections unrelated to the categorical or specialist certification held. Categorical or specialist certifications are acceptable for higher-graded positions within the relevant lab section or one of the non-section specific assignments (including, Ancillary Testing Coordinator, Education Coordinator, Laboratory Information Manager, Quality Manager, Laboratory Manager, Regional Technical Specialist, National Quality and Compliance Agent, Regional Program Manager, Regional Director, Laboratory Director, or National Quality and Compliance Officer). Grade Determinations: GS-11 Clinical Laboratory Scientist - Chemistry/Urinalysis Experience or Education: Candidates at this level must meet one of the criteria below: (1) Experience: 1 year of creditable experience equivalent to the next lower grade level (GS-9). Some examples of experience, not limited to, evaluating, performing, interpreting, and validating the accuracy and validity of test results. Demonstrates a clear progression of clinical knowledge and experience by performing testing procedures on a variety of biological specimens using manual or automated methods. his includes routine testing, quality control, routine maintenance of instrumentation, and troubleshooting that applies innovative procedures and problem solving. Deviations from regular procedures, unanticipated problems, and unfamiliar situations are referred to more experienced staff for a decision or assistance. OR (2) Education: Must have 3 full years of progressively higher-level graduate education or a Ph.D. or equivalent doctoral degree in medical technology or a directly related science. (3) Knowledge, Skills, and Abilities: In addition to the experience or education above, you must demonstrate all the following KSAs clearly in your resume: Knowledge of professional clinical laboratory science principles, practices, concepts, and theories that support sound, independent work. Knowledge of laboratory quality control and quality assurance procedures and principles of performance improvement. Skill in informatics, laboratory data flow, and laboratory processes. Ability to maintain, troubleshoot, and repair instrumentation. Ability to use independent technical judgment to analyze and interpret laboratory results. Ability to read, interpret, and apply complex written instructions. Ability to communicate, consult, and interact with other members of the health care team, external relations, customer service, and patient education. Preferred Experience: Greater than 3 years experience in a medium or large medical center. Reference: For more information on this qualification standard, please visit https://www.va.gov/ohrm/QualificationStandards/. The full performance level of this vacancy is GS-11. The actual grade at which an applicant may be selected for this vacancy is GS-11. Physical Requirements: The work requires regular and recurrent sitting, standing, walking, reaching and bending. Occasionally lifts heavy containers of supplies or equipment.",[],[],[],{},[],section9_not_llm_validated,
Software Engineer,Software Engineer,"This is a Software Engineer role with Mercor based in Sydney, NSW, Australia  Mercor  Role Seniority - junior, mid level, senior More about the Software Engineer role at Mercor Mercor is hiring experienced Software Engineering professionals to support a variety of high-impact research collaborations with leading AI labs. Freelancers will help improve AI systems through work on code validation, prompt refinement, algorithmic evaluation, and model benchmarking. This is a unique opportunity to app…","['python', 'aws', 'kubernetes', 'nlp', 'openai']","['python', 'nlp', 'openai']","['aws', 'kubernetes']",{},"['python', 'nlp', 'openai']",llm_validated_with_rescue,0.6
Data Scientist,Data Scientist,"Data Scientist As an experienced Data Scientist you will be an inegral part of our team responsible for building,delivering and developing advanced data analytics products. Utilising your data analysis, statistical modelling, and machine learning techniques to apply, deploy and visualise solutions to complex business problems. Collaborating with key stakeholders you will leverage your analytical skills to indetify, build and understand the scope and impact of requirements and challanges, to dev…","['aws', 'r', 'azure']","['aws', 'r']",['azure'],{},"['aws', 'r', 'azure']",llm_validated_with_rescue,0.6666666666666666
Data Scientist,Data Scientist,"Are you ready to turn data into action and make a tangible impact? We’re looking for a skilled and driven Revenue & Debt Data Scientist to join a dynamic Credit Risk function. This is a unique opportunity to work at the forefront of credit risk analytics, helping shape smarter collections strategies, reduce bad debt, and improve outcomes for customers.In this pivotal role, you’ll lead deep-dive analysis into customer portfolio trends, build predictive models, and support the transition to an en…","['nlp', 'aws', 'computer vision', 'python']","['nlp', 'python']","['aws', 'computer vision']",{},"['nlp', 'python']",llm_validated_with_rescue,0.5
Generative AI Engineer with Security Clearance,AI Engineer,"Role: Software Engineer - Genrative AI Location: Onsite - D.C Area Clearance Required: Active DoD Secret or Top Secret Salary: $200k-$250k Overview: A rapidly growing Generative AI platform supporting government and commercial teams is seeking a Generative AI Software Engineer to work closely with clients on-site. This role involves building AI agents and plugins, guiding full-scale deployments, and delivering mission-critical automation solutions. Key Responsibilities: Partner directly with cl…","['azure', 'openai', 'python', 'fine-tuning', 'rag']","['azure', 'openai', 'python', 'fine-tuning']",['rag'],{},"['azure', 'openai', 'python', 'fine-tuning', 'rag']",llm_validated_with_rescue,0.8
Senior Data Engineer,Data Engineer,"Senior Data Engineer (m/w/d) Erfahrung: mindestens 5 Jahre Sprache: Deutsch C1-C2 Standort: flexibel / je nach Unternehmen Anstellung: Vollzeit Über die Position Für ein etabliertes Unternehmen aus dem Bereich Versicherung, Logistik und Handel suche ich als externe Personalberaterin erfahrene Senior Data Engineers (m/w/d) . In dieser Rolle arbeiten Sie eng mit Data Scientists, Analyst*innen und Architecture-Teams zusammen und tragen maßgeblich dazu bei, skalierbare und moderne Datenplattformen …","['gcp', 'aws', 'airflow', 'azure', 'python', 'spark']","['gcp', 'aws', 'python', 'spark']","['airflow', 'azure']",{},"['gcp', 'aws', 'python', 'spark', 'airflow', 'azure']",llm_validated_with_rescue,0.6666666666666666
"AI Research Software Engineer Senior (hybrid, Orlando, Secret)",Software Engineer,"Job ID: 716663BR Date posted: Feb. 02, 2026 Description: Are you ready to unlock the full potential of Artificial Intelligence and be part of a team that's revolutionizing the industry? Look no further! The Lockheed Martin Artificial Intelligence Center (LAIC) team is seeking a high energy, highly motivated, and experienced individual to join our Applied AI team, specifically the Cognitive Modules portfolio. As a key member of our team, you'll have the opportunity to work on a wide range of pro…","['aws', 'python', 'kubernetes', 'nlp', 'azure', 'r']","['aws', 'python', 'kubernetes', 'nlp']","['azure', 'r']",{},"['aws', 'python', 'kubernetes', 'nlp']",llm_validated_with_rescue,0.6666666666666666
AI Researcher,Research Scientist,"Perplexity is seeking top-tier AI Research Scientists and Engineers to advance our AI products and capabilities. We're building the future of AI-powered search and agent experiences through our Sonar models, Deep Research Agent, Comet Agent, and Search products. Join us in creating SOTA experiences that handle hundreds of millions of queries and continue to scale rapidly. Team Structure Depending on your interests and expertise, you'll work on one of three specialized teams: 1. Core Research Te…","['rag', 'computer vision', 'transformers', 'openai']",['transformers'],"['computer vision', 'openai', 'rag']",{},"['transformers', 'rag', 'openai']",llm_validated_with_rescue,0.25
"Senior Software Engineer, Core Open-Source- Weights & Biases",Software Engineer,"CoreWeave is The Essential Cloud for AI™. Built for pioneers by pioneers, CoreWeave delivers a platform of technology, tools, and teams that enables innovators to build and scale AI with confidence. Trusted by leading AI labs, startups, and global enterprises, CoreWeave combines superior infrastructure performance with deep technical expertise to accelerate breakthroughs and turn compute into capability. Founded in 2017, CoreWeave became a publicly traded company (Nasdaq: CRWV) in March 2025. L…","['kubernetes', 'aws', 'spark', 'computer vision']","['kubernetes', 'aws', 'spark', 'computer vision']",[],{},"['kubernetes', 'aws', 'spark', 'computer vision']",llm_validated_with_rescue,1.0
"Member of Technical Staff, Data",Data Scientist,"Plus10 is a technical recruitment agency with a focus on Engineering and Product professionals that build web applications using a modern stack. Plus10 recruiters are knowledge stewards that open doors for individuals looking to progress their career. We are working hand-in-hand with the following client to help find a Member of Technical Staff, Data The client is a non-profit organization building an autonomous AI Physicist designed to advance humanity's understanding of the fundamental laws o…","['computer vision', 'r', 'nlp', 'python', 'azure']","['computer vision', 'r', 'python']","['azure', 'nlp']",{},"['computer vision', 'r', 'python']",llm_validated_with_rescue,0.6
"Tech Lead, Android Core Product - Hanover, Germany",Software Engineer,"The mission of Speechify is to make sure that reading is never a barrier to learning. Over 50 million people use Speechify’s text-to-speech products to turn whatever they’re reading – PDFs, books, Google Docs, news articles, websites – into audio, so they can read faster, read more, and remember more. Speechify’s text-to-speech reading products include its iOS app, Android App, Mac App, Chrome Extension, and Web App. Google recently named Speechify the Chrome Extension of the Year and Apple nam…",[],[],[],{},[],section9_not_llm_validated,
AI Engineer,AI Engineer,"At Solve Intelligence , we aren’t just ""using"" AI - we are building the proprietary algorithms that define the future of Intellectual Property. We have real paying users, massive traction, and a mission to build a billion-dollar company. ️ The Role: AI Engineer We are looking for a super-talented engineer to help us build state-of-the-art AI products extremely fast . You will lead the development of algorithms that push the envelope of what is possible with LLMs. What you’ll own: Production-Rea…","['rag', 'nlp', 'fine-tuning', 'computer vision', 'python']","['nlp', 'fine-tuning', 'python']","['computer vision', 'rag']",{},"['nlp', 'fine-tuning', 'python', 'rag']",llm_validated_with_rescue,0.6
MLOps Developer,MLOps Engineer,"This role is part of our Automated Vision Systems product line. For more information about our product line: https://www.pavemetrics.com/ Within a multidisciplinary Agile team, the ML/AI Developer is responsible for the production deployment, maintenance, and operationalization of artificial intelligence models used in our cutting-edge 3D vision solutions. The role focuses on integrating models into hybrid environments (cloud and embedded devices), building robust pipelines, and automating the …","['r', 'aws', 'python', 'docker', 'azure']","['aws', 'python', 'docker']","['azure', 'r']",{},"['aws', 'python', 'docker', 'azure']",llm_validated_with_rescue,0.6
Staff AI Engineer,AI Engineer,"Job Description The Role: The Staff AI Engineer is responsible for supporting and reinforcing the adoption of AI Software Engineering across the MFG IT organization with the goal of establishing significant improvements in the Manufacturing space relative to manufacturing productivity/efficiency. The Staff AI Engineer will drive the identification, evaluation, and adoption of rapid iterative and incremental computer vision, machine learning, and deep learning software solutions together with Ju…",['computer vision'],[],[],{},['computer vision'],original,0.0
Staff Machine Learning Engineer - Data Intelligence,Machine Learning Engineer,"Join us on our mission to make a better world of work. Culture Amp is the world’s leading employee experience platform, revolutionizing how 25 million employees across more than 6,500 companies create a better world of work. Culture Amp empowers companies of all sizes and industries to transform employee engagement, drive performance management, and develop high-performing teams. Powered by people science and the most comprehensive employee dataset in the world, the most innovative companies in…","['computer vision', 'nlp', 'python', 'rag']","['nlp', 'python']","['computer vision', 'rag']",{},"['nlp', 'python']",llm_validated_with_rescue,0.5
Temporary Online Course Developer - Machine Learning Engineering and MLOps,MLOps Engineer,"Location: Remote (U.S.-based only) Division: Rabb School of Continuing Studies, Brandeis University Compensation: $3,000 (Approx. 65 hours over 12 weeks) Brandeis University’s Rabb School of Continuing Studies is seeking a skilled online course developer to design and build a new three credit asynchronous online course titled: Temporary Online Course Developer - Machine Learning Engineering and MLOps. This role is for an experienced academic and curriculum strategist to serve as an Online Cours…",[],[],[],{},[],section9_not_llm_validated,
"Senior Manager, Data Science - AI Foundations",Data Scientist,"Senior Manager, Data Science - AI Foundations Data is at the center of everything we do. As a startup, we disrupted the credit card industry by individually personalizing every credit card offer using statistical modeling and the relational database, cutting edge technology in 1988! Fast-forward a few years, and this little innovation and our passion for data has skyrocketed us to a Fortune 200 company and a leader in the world of data-driven decision-making. As a Data Scientist at Capital One,…","['rag', 'aws', 'r', 'gcp', 'python']","['aws', 'r', 'python']","['gcp', 'rag']",{},"['aws', 'r', 'python']",llm_validated_with_rescue,0.6
Gen AI – Python Developer,Software Engineer,"Job Title: Gen AI Python Developer Location: Montreal, QC Primary Responsibilities The developer will be working within a machine learning team/squad. The team is working on developing Artificial Intelligence solutions including ML and Gen AI. The candidate should be familiar with python development and prompt engineering. The candidate should be able to work with different Clients/SME's and understand the business requirements of proper python code development. Good candidates should be famili…",['python'],[],[],{},['python'],original,0.0
Senior Infrastructure Engineer - AI/ML,Platform Engineer,"At Mitratech, we are a team of technocrats focused on building world-class products that simplify operations in the Legal, Risk, Compliance, and HR functions. We are a close-knit, globally dispersed team that thrives in an ecosystem that supports individual excellence and takes pride in its diverse and inclusive work culture centered around great people practices, learning opportunities, and having fun! Our culture is the ideal blend of entrepreneurial spirit and enterprise investment, enabling…","['azure', 'aws', 'python', 'openai', 'kubernetes']","['aws', 'python', 'kubernetes']","['azure', 'openai']",{},"['aws', 'python', 'kubernetes', 'azure']",llm_validated_with_rescue,0.6
MLOps Engineer,MLOps Engineer,"Salary: £50,000 - 90,000 per year Requirements: Strong Python skills and experience deploying ML models to production Solid understanding of MLOps principles and ML lifecycle management Experience with Docker and Kubernetes Familiarity with cloud platforms (AWS, GCP, or Azure) CI/CD experience (GitHub Actions, GitLab CI, Jenkins, etc.) Experience with SQL and data pipelines Desirable: Experience with ML orchestration tools (e.g., Airflow, Kubeflow, MLflow) Desirable: Knowledge of monitoring too…","['airflow', 'aws', 'azure', 'database management systems', 'docker', 'gcp', 'kubernetes', 'mlflow', 'python']",[],[],{},"['airflow', 'aws', 'azure', 'database management systems', 'docker', 'gcp', 'kubernetes', 'mlflow', 'python']",original,0.0
AI Engineer,AI Engineer,"Job Description The Customer Success Services team needs an AI Engineer that can design, develop, configure, evaluate, monitor and optimize generative AI and agent solutions for Oracle applications, as well as develop innovative solutions to advance the CSS team's operational capabilities and effectiveness. The ideal candidate will create processes, tools, and tests so that CSS can evaluate and optimize AI responses on customer instances at scale. The candidate will develop monetizable services…","['computer vision', 'langchain', 'rag', 'fine-tuning', 'nlp', 'r']","['langchain', 'fine-tuning', 'nlp']","['computer vision', 'r', 'rag']",{},"['langchain', 'fine-tuning', 'nlp', 'rag']",llm_validated_with_rescue,0.5
Clinical Laboratory Scientist,Research Scientist,"Applicants pending the completion of educational or certification/licensure requirements may be referred and tentatively selected but may not be hired until all requirements are met. Basic Requirements: United States Citizenship: Non-citizens may only be appointed when it is not possible to recruit qualified citizens in accordance with VA Policy. Education. A bachelor's degree or higher from an accredited college or university. Certification. Candidates must meet one of the certification options below. Generalist certification as an MLS given by ASCP BOC or AMT. Generalist certification as an MT given by ASCP BOR or AMT. Categorical certification or Specialist certification by ASCP or AMT NOTE: Categorical and specialist certifications are not acceptable for CLS Generalist positions or lab sections unrelated to the categorical or specialist certification held. Categorical or specialist certifications are acceptable for higher-graded positions within the relevant lab section or one of the non-section specific assignments (including, Ancillary Testing Coordinator, Education Coordinator, Laboratory Information Manager, Quality Manager, Laboratory Manager, Regional Technical Specialist, National Quality and Compliance Agent, Regional Program Manager, Regional Director, Laboratory Director, or National Quality and Compliance Officer). Exception for Non-Certified. Applicants who do not currently hold valid certification may be hired by VA and actively work toward their certification if they meet one of 4 the routes identified in Appendix A that makes them eligible to take the MLS certification exam through the ASCP BOC or the MLS certification exam through AMT Certification Agency. Non-Certified applicants who otherwise meet the eligibility requirements for licensure may be given a temporary appointment CLS under the authority of 38 U.S.C. § 7405(c)(2). Non-Certified individuals may only provide care under the supervision of a certified CLS at or above the Full Performance Level. Non-certified individuals may only be appointed at the entry level and may not be promoted/converted until certification is obtained. Temporary appointments of non-certified CLS may not be extended beyond 2 years or be converted to a new temporary appointment. Foreign Education. To be creditable, education completed outside the U.S. must be deemed at least equivalent to that gained in a conventional U.S. program by a private organization specializing in the interpretation of foreign educational credentials. Graduates of foreign baccalaureate degree programs meet the educational requirements if they meet either of the following: Foreign transcripts are evaluated by an acceptable evaluation agency, and the degree is found to be equivalent to a NAACLS-approved U.S. clinical laboratory science degree program. OR The applicant submits a letter from ASCP BOC or AMT stating the individual is eligible to take the certification examination. May qualify based on being covered by the Grandfathering Provision as described in the VA Qualification Standard for this occupation (only applicable to current VHA employees who are in this occupation and meet the criteria). Grade Determinations: Clinical Laboratory Scientist, GS-07. Experience. None beyond the basic requirements. Clinical Laboratory Scientist, GS-09. Experience or Education. Candidates at this level must meet one of the criteria below: Experience. 1 year of creditable experience equivalent to the next lower grade. OR Education. Master's degree or 2 academic years of progressively higher-level graduate education in medical technology or a directly related science. Assignment. An individual at this grade level serves as a developmental CLS. Knowledge, Skills, and Abilities. In addition to the experience or education above, the candidate must demonstrate the following KSAs: (a)Knowledge of policies and procedures of clinical laboratory testing. (b)Knowledge of laboratory quality control and quality assurance principles. (c)Knowledge of laboratory equipment and routine maintenance. (d)Ability to work as a team member and effectively complete assignments. (e)Ability to read and interpret written instructions. (f)Ability to accurately perform pre-analytical, analytical, and post-analytical phases of testing. Clinical Laboratory Scientist, GS-11 Experience or Education. Candidates at this level must meet one of the criteria below: Experience. 1 year of creditable experience equivalent to the next lower grade level. OR Education. Must have 3 full years of progressively higher-level graduate education or a Ph.D. or equivalent doctoral degree in medical technology or a directly related science. Knowledge, Skills, and Abilities. In addition to the experience or education above, the candidate must demonstrate the following KSAs: (a)Knowledge of professional clinical laboratory science principles, practices, concepts, and theories that support sound, independent work.(b)Knowledge of laboratory quality control and quality assurance procedures and principles of performance improvement. (c)Skill in informatics, laboratory data flow, and laboratory processes. (d)Ability to maintain, troubleshoot, and repair instrumentation. (e)Ability to use independent technical judgment to analyze and interpret laboratory results. (f)Ability to read, interpret, and apply complex written instructions. (g)Ability to communicate, consult, and interact with other members of the health care team, external relations, customer service, and patient education. Preferred Experience: Preferred experience will be determined by the service for the location in which you apply and will be discussed at the interview. Reference: For more information on this qualification standard, please visit https://www.va.gov/ohrm/QualificationStandards/. The full performance level of this vacancy is GS-11. The actual grade at which an applicant may be selected for this vacancy is in the range of GS-7 to GS-11 . Physical Requirements: Physical aspects associated with work required of this assignment are typical for the occupation, see Duties section for essential job duties of the position. May require standing, lifting, carrying, sitting, stooping, bending, puling, and pushing. May be required to wear personal protective equipment and undergo annual TB screening or testing as conditions of employment. Work Environment: Work is performed in an office/clinic setting with minimal risks that requires normal safety precautions; the area is adequately lighted, heated, and ventilated. However, the work environment requires someone with the ability to handle several tasks at once in sometimes stressful situations.",[],[],[],{},[],section9_not_llm_validated,
"Applied AI, Senior MLOps Engineer - NYC",MLOps Engineer,"About Mistral At Mistral AI, we believe in the power of AI to simplify tasks, save time, and enhance learning and creativity. Our technology is designed to integrate seamlessly into daily working life. We democratize AI through high-performance, optimized, open-source and cutting-edge models, products and solutions. Our comprehensive AI platform is designed to meet enterprise needs, whether on-premises or in cloud environments. Our offerings include le Chat, the AI assistant for life and work. …","['transformers', 'aws', 'python', 'docker', 'r']","['aws', 'python']","['docker', 'r', 'transformers']",{},"['aws', 'python', 'docker']",llm_validated_with_rescue,0.4
(Senior) Generative AI Engineer,AI Engineer,"Startdatum Wir suchen Dich ab sofort an einem unserer deutschen Standorte in München, Nürnberg, Leipzig, Berlin, Essen oder Frankfurt am Main ! Deine Aufgaben Data und AI sind Dein zu Hause? Des Weiteren gestaltet sich Deine neue Herausforderung wie folgt: Übernahme der fachlichen Verantwortung für die Betreuung und Entwicklung von Demonstratoren für unser Business Development Aktive Verfolgung aktueller Trends und Entwicklungen im Bereich Generative AI durch kontinuierliche Recherche und das E…","['rag', 'langchain']",['langchain'],['rag'],{},"['langchain', 'rag']",llm_validated_with_rescue,0.5
Senior Machine Learning Engineer,Machine Learning Engineer,"Location : We are flexible! Come and join us either in Hamburg, Berlin, Barcelona or Athens Freenow empowers smarter mobility decisions helping people to move freely and cities to thrive. The Freenow marketplace is a real-time, two-sided platform connecting riders and drivers. Its efficiency and scalability are powered by a sophisticated ecosystem of Machine Learning systems spanning key domains such as Pricing, Allocation, and Marketplace Fraud. In this role, you’ll help advance the state of t…","['kubernetes', 'computer vision']","['kubernetes', 'computer vision']",[],{},"['kubernetes', 'computer vision']",llm_validated_with_rescue,1.0
Coding Specialist (Fluent in German) - Freelance AI Trainer Project,AI Engineer,"Are you a coding expert fluent in German eager to shape the future of AI? Large‑scale language models are evolving from clever chatbots into powerful engines of scientific discovery. With high‑quality training data, tomorrow’s AI can democratize world‑class education, keep pace with cutting‑edge research, and streamline software development for engineers everywhere. That training data begins with you—we need your expertise to help power the next generation of AI. We’re looking for coding specia…","['rag', 'python', 'nlp']","['python', 'nlp']",['rag'],{},"['python', 'nlp']",llm_validated_with_rescue,0.6666666666666666
Lead AI Engineer,AI Engineer,"About Euphoric Euphoric builds AI-first employee benefits administration software for the world’s largest and most prestigious employers. Born out of Peppy Health — a fast-growing, category-defining Series B startup — we spun out in May 2025 to tackle a far bigger opportunity. Global employers spend $3–5 trillion on benefits every year. It’s their second-largest cost after payroll — yet the entire category is still running on legacy systems and outdated assumptions. The space is primed for tran…","['rag', 'python', 'computer vision']","['python', 'computer vision']",['rag'],{},"['python', 'computer vision']",llm_validated_with_rescue,0.6666666666666666
LLM Engineer (Offshore - INTL - India),LLM Engineer,"Job Description Insight Global is seeking an LLM Engineer to join our clients dynamic development team. This role is sitting remotely in India. This individual will enhance and expand a complex application, requiring strong communication skills and full-stack technical expertise. This role involves collaborating with global teams across multiple time zones (IST, UST, and other countries) and actively contributing to ongoing feature development. Key Responsibilities: -Enhance and expand a comple…","['nlp', 'rag', 'transformers', 'openai', 'spark']","['nlp', 'transformers', 'openai']","['rag', 'spark']",{},"['nlp', 'transformers', 'openai', 'rag']",llm_validated_with_rescue,0.6
Applied AI Engineer,AI Engineer,"Warp: We're Building the Platform for Agentic Development Warp began with the vision of reimagining one of the fundamental dev tools—the terminal—to make it more usable and powerful for all developers. As AI has advanced, Warp has evolved beyond its terminal roots into the platform for Agentic Development: a workbench for dispatching agents to code, deploy, and debug production software. With over 700k active developers and revenue that grew over 44x last year, Warp is now one of the fastest gr…","['aws', 'python', 'openai', 'fine-tuning', 'gcp', 'langchain', 'rag']","['aws', 'python', 'openai', 'langchain']","['fine-tuning', 'gcp', 'rag']",{},"['aws', 'python', 'openai', 'langchain', 'fine-tuning', 'gcp', 'rag']",llm_validated_with_rescue,0.5714285714285714
Startup-Full Stack AI Engineer-Build AI Glasses and More!,AI Engineer,"VP of Investor Relations (Remote, TX) — Lead the Narrative for a $1B Energy Innovator Powering Hyperscale Data Centers This Jobot Job is hosted by: John Armel Are you a fit? Easy Apply now by clicking the ""Apply"" button and sending us your resume. Salary: $250,000 - $300,000 per year A bit about us: Our client, a leading player in the Energy industry, is seeking an experienced and dynamic professional to join our executive team as the Vice President of Investor Relations. This role is pivotal i…","['rag', 'fine-tuning', 'azure', 'python']",['python'],"['azure', 'fine-tuning', 'rag']",{},['python'],llm_validated_with_rescue,0.25
AI Engineer with Security Clearance,AI Engineer,"Kforce has a client that is seeking an AI Engineer in Chantilly, VA. Responsibilities: * AI Engineer will design, train, fine-tune, and deploy AI/ML models (LLMs, embeddings, classification models, RAG pipelines) * Build secure, scalable APIs and services to integrate AI capabilities into business systems * Design and implement agentic AI workflows that coordinate multiple models or services to achieve mission objectives * Integrate retrieval-augmented generation (RAG) and agentic reasoning int…",['rag'],[],[],{},['rag'],original,0.0
Senior SaaS Cloud Capacity Engineer,DevOps Engineer,"Job Description What You'll Do  Capacity Engineering - Act as a strategic capacity partner, immersing in the end-to-end architecture and performance of SaaS production services. Ensure mission-critical workloads-including emerging agentic AI and MLOps pipelines -are forecasted, scaled, and optimized for OCI cloud capacity at enterprise scale.  Cost Engineering - Translate SaaS capacity architectures into cost models that improve efficiency year over year. Partner with Cost Engineers to drive do…","['azure', 'openai', 'python', 'rag']",['python'],"['azure', 'openai', 'rag']",{},"['python', 'azure', 'openai', 'rag']",llm_validated_with_rescue,0.25
Patent Examiner (Computer Engineering),AI Engineer,"BASIC REQUIREMENTS for all grade levels in this series include: A) (1) successfully completed a full four-year course of study in an accredited college or university leading to a bachelor's or higher degree in engineering, OR (2) a combination of qualifying education and experience. This can be demonstrated by one of the following: Professional registration--Current registration as a professional engineer by any state, the District of Columbia, Guam, or Puerto Rico. Written test--Evidence of passing the Engineer-in-Training (EIT) examination or the written test required for professional registration, administered by the Boards of Engineering Examiners in various states, the District of Columbia, Guam, and Puerto Rico. Specified academic courses--Successful completion of at least 60 semester hours in the physical, mathematical, and engineering sciences and including the courses specified in the basic requirements. The courses must be fully acceptable toward meeting the requirements of a professional engineering curriculum as described in paragraph A. Related curriculum--Successful completion of a curriculum leading to a bachelor's degree in engineering technology or in an appropriate professional field (for example, physics, chemistry, architecture, computer science, mathematics, hydrology, or geology) may be accepted in lieu of an engineering degree, provided the applicant has had at least one year of professional engineering experience with professional engineering supervision and guidance. The curriculum must: Be accredited by the Accreditation Board for Engineering and Technology (ABET) as a professional engineering curriculum; OR Include differential and integral calculus and courses (more advanced than first-year physics and chemistry) in five of the following seven areas: (a) statics, dynamics; (b) strength of materials (stress-strain relationships); (c) fluid mechanics, hydraulics; (d) thermodynamics; (e) electrical fields and circuits; (f) nature and properties of materials (relating to particle and aggregate structure to properties); or (g) any other comparable area of fundamental engineering science or physics such as optics, heat transfer, soil mechanics, or electronics. OR B) A combination of education and experience. This combination of college-level education, training, and/or technical experience must have furnished both: a thorough knowledge of the physical and mathematical sciences underlying professional engineering; AND a good understanding, both theoretical and practical, of the engineering sciences and techniques and their application to professional engineering. Applicants must also meet the additional requirements listed below. Applicants for the GS-7 position have many ways to qualify. In addition to the basic requirements as stated above, applicants may have A, B, C, D, or E listed below to qualify: (A) One year of graduate-level education from an accredited college and/or university in an engineering field of study. (B) Superior Academic Achievement. This can be defined by one of the following: Class standing--Upper third of the graduating class in the college, university, or major subdivision, such as the ""School of Engineering and Applied Science"" or ""College of Science and Technology"" based on completed courses. Grade point average (GPA) as recorded on the final transcript--3.0 or higher out of a possible 4.0 as recorded on the official transcript, or as computed based on four years of education, or as computed based on courses completed during the final two years of the curriculum; or 3.5 or higher out of a possible 4.0 based on the average of the required courses completed in the major field or the required courses in the major field completed during the final two years of the curriculum. The GPA is rounded to one decimal place (2.95 = 3.0 and 2.94 = 2.9). The final transcript must cover the period being used to determine the GPA. Honor society membership--Election to membership in a national scholastic honor society. Please review the list of qualified honor societies. (C) One year of specialized experience applying basic engineering, biological science, physics, or scientific principles, theories, concepts, and methodologies used in the evaluation of technology; assisting in the collection of and recognizing discrepancies in data. Examples of work include taking measurements and collecting information, learning to take proper samples, conducting routine calculations, checking of numerical data, preparing graphs and data profiles, and/or accomplishing routine analyses. (D) A combination of graduate level education that is less than 1 year and less than 1 year of specialized experience that together meet the qualification requirements for this position. (E) Successful completion of a 5-year program of study of at least 160 semester hours leading to a bachelor's degree in engineering. Applicants for the GS-9 position have many ways to qualify. In addition to the basic requirements as stated above, applicants may have A, B, C, D, or E listed below to qualify: (A) Two years of progressively higher-level graduate education leading to a master's degree or master's or equivalent graduate degree from an accredited college and/or university in an engineering field of study. (B) One year of specialized experience, interpreting and applying intermediate engineering, biological science, physics, scientific principles, theories, concepts, and methodologies used in the evaluation of technology; participating in planning and conducting research; applying appropriate references to the claimed invention; etc. Work experience would have involved following established methods and procedures, or detailed instructions; using some judgment in applying basic principles and procedures; and independently completing recurring assignments, but referring deviations, problems, and unfamiliar situations to a designated person for decision or help. (C) A combination of education and experience in college-level education, training, and/or technical experience. (D) A combination of successfully completed graduate-level education, as described above, that is beyond the first year of progressive graduate study, and professional experience, as described above. (E) A combination of superior academic achievement and 1 year of appropriate specialized experience. Applicants for the GS-11 position have many ways to qualify. In addition to the basic requirements as stated above, applicants may have A, B, or C listed below to qualify: (A) Three years of progressively higher-level graduate education leading to a Ph.D. degree or Ph.D. or equivalent doctoral degree from an accredited college and/or university in the fields of study as described. (B) At least one year of specialized experience: interpreting and applying advanced engineering and/or scientific principles, theories, concepts, and methodologies used in the evaluation of technology; or planning and conducting technical research to draft technical papers; or applying appropriate references and case law to claimed inventions. Experience may include independent responsibility for a well-defined study or for a phase of a larger study that required the planning and carrying out of routine (physics, engineer, biological, etc.) work (such as those who have PhDs). (C) A combination of successfully completed graduate-level education, that is beyond the second year of progressive graduate study, and professional experience, as described above.","['azure', 'pytorch', 'python', 'rag', 'aws', 'computer vision', 'gcp', 'hadoop']","['python', 'aws', 'computer vision']","['azure', 'gcp', 'hadoop', 'pytorch', 'rag']",{},"['python', 'aws', 'computer vision', 'azure', 'rag', 'gcp']",llm_validated_with_rescue,0.375
Senior Data Scientist,Data Scientist,"N26 has reimagined banking for today's digital world. Technology and design empower everything we do and it's how we are building the global banking platform the world loves to use. We've eliminated physical branches, paperwork, and hidden fees for an elegant digital experience and supreme savings. Giving people the power to live and bank their way is what gets us out of bed in the morning and inspires the work that we do. We are headquartered in Berlin with offices in multiple cities across Eu…","['r', 'nlp', 'computer vision', 'azure']","['r', 'nlp', 'computer vision', 'azure']",[],{},"['r', 'nlp', 'computer vision', 'azure']",llm_validated_with_rescue,1.0
"Research Scientist, LLM Agents (Foundational Research)",LLM Engineer,"Are you a curious and open-minded individual with an interest in conducting state-of-theart foundational machine learning research? Thomson Reuters Labs is seeking Research Scientists with a passion for building complex agent-based AI systems in a data-rich, complex academic environment driven by real-world problems. Foundational Research is the dedicated core Machine Learning research division of Thomson Reuters. We are focused on research and development, with a particular focus on advanced a…","['transformers', 'nlp', 'rag', 'fine-tuning', 'spark']","['transformers', 'nlp', 'fine-tuning']","['rag', 'spark']",{},"['transformers', 'nlp', 'fine-tuning', 'rag']",llm_validated_with_rescue,0.6
AI Research Scientist - Language - MRS AI,Research Scientist,"Summary: The MRS AI Knowledge team is at the forefront of innovation in content understanding, user understanding, retrieval, and ranking. As a key driver of Meta's app growth, we are committed to revolutionizing recommendation systems by leveraging the latest advancements in AI, including Large Language Models (LLMs) and generative AI. We're dedicated to pushing the boundaries of recommendation systems to deliver exceptional user experiences across Facebook, Instagram, Threads, and more. Requi…","['r', 'computer vision']","['r', 'computer vision']",[],{},"['r', 'computer vision']",llm_validated_with_rescue,1.0
"Lead Engineer, Engineering Productivity",AI Engineer,"This is a Lead Engineer, Engineering Productivity role with Neara based in Sydney, NSW, AU  Neara  Role Seniority - senior More about the Lead Engineer, Engineering Productivity role at Neara Neara is a high-growth technology company, backed by some of the world’s leading venture capital and private equity investors, including EQT and Partners Group. Neara has developed a software platform that builds sophisticated, engineering-grade 3D digital models of critical infrastructure, delivered under…","['rag', 'python', 'azure', 'openai', 'nlp']","['python', 'azure', 'nlp']","['openai', 'rag']",{},"['python', 'azure', 'nlp']",llm_validated_with_rescue,0.6
Research Scientist,Research Scientist,"Waabi, founded by AI visionary Raquel Urtasun, is the leader in Physical AI. With a world-class team, we're unlocking the next era of autonomous transportation with technology that's powering commercial autonomous trucks and robotaxis. Waabi is backed by and partners with world leaders in AI, automotive, logistics, and deep tech. With offices in Toronto, San Francisco, Dallas, and Pittsburgh, Waabi is growing quickly and looking for diverse, innovative and collaborative candidates who want to i…","['computer vision', 'r', 'transformers', 'openai']","['r', 'transformers', 'openai']",['computer vision'],{},"['r', 'transformers', 'openai', 'computer vision']",llm_validated_with_rescue,0.75
Machine Learning Engineer PyTorch LLM,LLM Engineer,"Machine Learning Engineer (PyTorch LLM) London onsite to £110k Do you have expertise with Machine Learning in production? You could be progressing your career at a London based tech start-up with £5 million in recent pre-seed funding, in an impactful role that you'll shape. The product is an AI agentic based platform that writes production grade code. As a Machine Learning Engineer you'll take open-source LLMs (code and general models) and turn them into high-performance software engineer agent…",['pytorch'],[],[],{},['pytorch'],original,0.0
Data Scientist,Data Scientist,"ABOUT US: LSEG (London Stock Exchange Group) is more than a diversified global financial markets infrastructure and data business. We are dedicated, open-access partners with a dedication to excellence in delivering the services our customers expect from us. With extensive experience, deep knowledge and worldwide presence across financial markets, we enable businesses and economies around the world to fund innovation, manage risk and create jobs. It’s how we’ve contributed to supporting the fin…","['aws', 'python', 'r', 'spark']","['aws', 'python', 'r']",['spark'],{},"['aws', 'python', 'r']",llm_validated_with_rescue,0.75
Machine Learning Engineer (PhD Intern),Machine Learning Engineer,"We're transforming the grocery industry At Instacart, we invite the world to share love through food because we believe everyone should have access to the food they love and more time to enjoy it together. Where others see a simple need for grocery delivery, we see exciting complexity and endless opportunity to serve the varied needs of our community. We work to deliver an essential service that customers rely on to get their groceries and household goods, while also offering safe and flexible …","['computer vision', 'r', 'rag', 'nlp']","['computer vision', 'r', 'nlp']",['rag'],{},"['computer vision', 'r', 'nlp']",llm_validated_with_rescue,0.75
Precision Medicine Data Lead,Data Scientist,"About The Job At Alignerr, we partner with the world’s leading AI research teams and labs to build and train cutting-edge AI models. As a Precision Medicine Data Lead, you will guide how complex healthcare and genomic data is brought together, governed, and transformed into insights that enable personalized treatment strategies and advanced clinical research. Organization : Alignerr Position : Precision Medicine Data Lead Type : Hourly Contract Compensation : $40–$80 /hour Location : Remote Com…","['nlp', 'r', 'gcp', 'computer vision', 'python']","['gcp', 'computer vision', 'python']","['nlp', 'r']",{},"['gcp', 'computer vision', 'python', 'r']",llm_validated_with_rescue,0.6
Machine Learning Engineer (PhD Intern),Machine Learning Engineer,"We're transforming the grocery industry At Instacart, we invite the world to share love through food because we believe everyone should have access to the food they love and more time to enjoy it together. Where others see a simple need for grocery delivery, we see exciting complexity and endless opportunity to serve the varied needs of our community. We work to deliver an essential service that customers rely on to get their groceries and household goods, while also offering safe and flexible …","['computer vision', 'r', 'rag', 'nlp']","['computer vision', 'r', 'nlp']",['rag'],{},"['computer vision', 'r', 'nlp']",llm_validated_with_rescue,0.75
Data Scientist,Data Scientist,"Are you an experienced, passionate pioneer in technology who wants to work in a collaborative environment? As an experienced AI Engineer you will have the ability to share new ideas and collaborate on projects as a consultant without the extensive demands of travel. If so, consider an opportunity with Deloitte under our Project Delivery Talent Model. Project Delivery Model (PDM) is a talent model that is tailored specifically for long-term, onsite client service delivery. Work you'll do/Respons…","['r', 'python', 'azure', 'computer vision', 'nlp']","['python', 'azure', 'computer vision', 'nlp']",['r'],{},"['python', 'azure', 'computer vision', 'nlp', 'r']",llm_validated_with_rescue,0.8
"AI Research Intern, 2026 Summer Australia",AI Engineer,"This is a AI Research Intern, 2026 Summer Australia role with Atlassian based in Barangaroo, NSW, AU  Atlassian  Role Seniority - intern More about the AI Research Intern, 2026 Summer Australia role at Atlassian Working at Atlassian Atlassians can choose where they work – whether in an office, from home, or a combination of the two. That way, Atlassians have more control over supporting their family, personal goals, and other priorities. We can hire people in any country where we have a legal e…","['python', 'azure', 'aws', 'gcp', 'nlp']","['python', 'nlp']","['aws', 'azure', 'gcp']",{},"['python', 'nlp']",llm_validated_with_rescue,0.4
Data Scientist,Data Scientist,"Job Description Job Description We are looking for an experienced Data Scientist for our client. This is a permanent position that is completely remote! Our client is a fintech company based out of Vancouver You Have: 3 - 5 Years experience working in Data Engineering/Data Science utilizing R (purrr, tidyr, dplyr, tibble, & the tidyverse) Strong analytical skills working with unstructured data sets Knowledge of relational (PostgreSQL, MySQL, etc.) and non-relational databases (including MongoDB…",['r'],[],[],{},['r'],original,0.0
Lead AI Engineer - Insurance,AI Engineer,"Title: Lead AI Engineer - Insurance Location: London (Hybrid Working) Salary: £100,000 - £130,000 DOE  Package Industry: Insurance A leading UK insurer is seeking a Lead AI Engineer to play a pivotal role in scaling enterprise AI across underwriting, claims and customer operations. With multiple AI use cases already live across the business, this role will focus on advancing production-grade AI capability, particularly across Generative AI and NLP, ensuring measurable commercial impact and scal…",['nlp'],[],[],{},['nlp'],original,0.0
Freelance Data Science Engineer (Python & SQL),Data Scientist,"This opportunity is only for candidates currently residing in the specified country. Your location may affect eligibility and rates. Please submit your resume in English and indicate your level of English proficiency. At Mindrift , innovation meets opportunity. We believe in using the power of collective intelligence to ethically shape the future of AI. What we do The Mindrift platform connects specialists with AI projects from major tech innovators. Our mission is to unlock the potential of Ge…","['database management systems', 'python']",[],[],{},"['database management systems', 'python']",original,0.0
Senior Software Engineer (AI Voice Agents),Software Engineer,"Who are Heidi? Heidi is building an AI Care Partner that supports clinicians every step of the way, from documentation to delivery of care. We exist to double healthcare’s capacity while keeping care deeply human. In 18 months, Heidi has returned more than 18 million hours to clinicians and supported over 73 million patient visits. Today, more than two million patient visits each week are powered by Heidi across 116 countries and over 110 languages. Founded by clinicians, Heidi brings together …","['python', 'kubernetes', 'rag', 'aws']","['python', 'kubernetes']","['aws', 'rag']",{},"['python', 'kubernetes', 'rag']",llm_validated_with_rescue,0.5
AI Engineer,AI Engineer,"A leading company in Mexico specializing in accounting software is looking for a highly skilled AI Engineer to join the team. REQUIREMENTS: 5 years of experience in artificial intelligence projects and 2 years in the implementation of autonomous agents or co-pilots. Fluent technical English. Experience working with business data in domains such as accounting, finance, payroll, billing, or ERP. Experience working with vector stores (Chroma, Weaviate, Pinecone) and RAG architectures. KNOWLEDGE AN…",['rag'],[],[],{},['rag'],original,0.0
